<?xml version="1.0" encoding="UTF-8"?>
<root>
  <item name="com.mapbox.services.android.navigation.v5.navigation.MapboxNavigation java.lang.String recordFeedback(java.lang.String, java.lang.String, java.lang.String) 0">
    <annotation name="androidx.annotation.StringDef">
      <val name="value" val="{com.mapbox.services.android.navigation.v5.navigation.metrics.FeedbackEvent.FEEDBACK_TYPE_GENERAL_ISSUE, com.mapbox.services.android.navigation.v5.navigation.metrics.FeedbackEvent.FEEDBACK_TYPE_OTHER_MAP_ISSUE, com.mapbox.services.android.navigation.v5.navigation.metrics.FeedbackEvent.FEEDBACK_TYPE_ACCIDENT, com.mapbox.services.android.navigation.v5.navigation.metrics.FeedbackEvent.FEEDBACK_TYPE_HAZARD, com.mapbox.services.android.navigation.v5.navigation.metrics.FeedbackEvent.FEEDBACK_TYPE_ROAD_CLOSED, com.mapbox.services.android.navigation.v5.navigation.metrics.FeedbackEvent.FEEDBACK_TYPE_NOT_ALLOWED, com.mapbox.services.android.navigation.v5.navigation.metrics.FeedbackEvent.FEEDBACK_TYPE_ROUTING_ERROR, com.mapbox.services.android.navigation.v5.navigation.metrics.FeedbackEvent.FEEDBACK_TYPE_CONFUSING_INSTRUCTION, com.mapbox.services.android.navigation.v5.navigation.metrics.FeedbackEvent.FEEDBACK_TYPE_INACCURATE_GPS, com.mapbox.services.android.navigation.v5.navigation.metrics.FeedbackEvent.FEEDBACK_TYPE_REPORT_TRAFFIC, com.mapbox.services.android.navigation.v5.navigation.metrics.FeedbackEvent.FEEDBACK_TYPE_MISSING_ROAD, com.mapbox.services.android.navigation.v5.navigation.metrics.FeedbackEvent.FEEDBACK_TYPE_MISSING_EXIT}" />
    </annotation>
  </item>
  <item name="com.mapbox.services.android.navigation.v5.navigation.MapboxNavigation java.lang.String recordFeedback(java.lang.String, java.lang.String, java.lang.String) 2">
    <annotation name="androidx.annotation.StringDef">
      <val name="value" val="{com.mapbox.services.android.navigation.v5.navigation.metrics.FeedbackEvent.FEEDBACK_SOURCE_REROUTE, com.mapbox.services.android.navigation.v5.navigation.metrics.FeedbackEvent.FEEDBACK_SOURCE_UI}" />
    </annotation>
  </item>
  <item name="com.mapbox.services.android.navigation.v5.navigation.MapboxNavigation void updateFeedback(java.lang.String, java.lang.String, java.lang.String, java.lang.String) 1">
    <annotation name="androidx.annotation.StringDef">
      <val name="value" val="{com.mapbox.services.android.navigation.v5.navigation.metrics.FeedbackEvent.FEEDBACK_TYPE_GENERAL_ISSUE, com.mapbox.services.android.navigation.v5.navigation.metrics.FeedbackEvent.FEEDBACK_TYPE_OTHER_MAP_ISSUE, com.mapbox.services.android.navigation.v5.navigation.metrics.FeedbackEvent.FEEDBACK_TYPE_ACCIDENT, com.mapbox.services.android.navigation.v5.navigation.metrics.FeedbackEvent.FEEDBACK_TYPE_HAZARD, com.mapbox.services.android.navigation.v5.navigation.metrics.FeedbackEvent.FEEDBACK_TYPE_ROAD_CLOSED, com.mapbox.services.android.navigation.v5.navigation.metrics.FeedbackEvent.FEEDBACK_TYPE_NOT_ALLOWED, com.mapbox.services.android.navigation.v5.navigation.metrics.FeedbackEvent.FEEDBACK_TYPE_ROUTING_ERROR, com.mapbox.services.android.navigation.v5.navigation.metrics.FeedbackEvent.FEEDBACK_TYPE_CONFUSING_INSTRUCTION, com.mapbox.services.android.navigation.v5.navigation.metrics.FeedbackEvent.FEEDBACK_TYPE_INACCURATE_GPS, com.mapbox.services.android.navigation.v5.navigation.metrics.FeedbackEvent.FEEDBACK_TYPE_REPORT_TRAFFIC, com.mapbox.services.android.navigation.v5.navigation.metrics.FeedbackEvent.FEEDBACK_TYPE_MISSING_ROAD, com.mapbox.services.android.navigation.v5.navigation.metrics.FeedbackEvent.FEEDBACK_TYPE_MISSING_EXIT}" />
    </annotation>
  </item>
  <item name="com.mapbox.services.android.navigation.v5.navigation.MapboxNavigationOptions int roundingIncrement()">
    <annotation name="androidx.annotation.IntDef">
      <val name="value" val="{com.mapbox.services.android.navigation.v5.navigation.NavigationConstants.ROUNDING_INCREMENT_FIVE, com.mapbox.services.android.navigation.v5.navigation.NavigationConstants.ROUNDING_INCREMENT_TEN, com.mapbox.services.android.navigation.v5.navigation.NavigationConstants.ROUNDING_INCREMENT_TWENTY_FIVE, com.mapbox.services.android.navigation.v5.navigation.NavigationConstants.ROUNDING_INCREMENT_FIFTY, com.mapbox.services.android.navigation.v5.navigation.NavigationConstants.ROUNDING_INCREMENT_ONE_HUNDRED}" />
    </annotation>
  </item>
  <item name="com.mapbox.services.android.navigation.v5.navigation.MapboxNavigationOptions int timeFormatType()">
    <annotation name="androidx.annotation.IntDef">
      <val name="value" val="{com.mapbox.services.android.navigation.v5.navigation.NavigationTimeFormat.NONE_SPECIFIED, com.mapbox.services.android.navigation.v5.navigation.NavigationTimeFormat.TWELVE_HOURS, com.mapbox.services.android.navigation.v5.navigation.NavigationTimeFormat.TWENTY_FOUR_HOURS}" />
    </annotation>
  </item>
  <item name="com.mapbox.services.android.navigation.v5.navigation.MapboxNavigationOptions.Builder com.mapbox.services.android.navigation.v5.navigation.MapboxNavigationOptions.Builder roundingIncrement(int) 0">
    <annotation name="androidx.annotation.IntDef">
      <val name="value" val="{com.mapbox.services.android.navigation.v5.navigation.NavigationConstants.ROUNDING_INCREMENT_FIVE, com.mapbox.services.android.navigation.v5.navigation.NavigationConstants.ROUNDING_INCREMENT_TEN, com.mapbox.services.android.navigation.v5.navigation.NavigationConstants.ROUNDING_INCREMENT_TWENTY_FIVE, com.mapbox.services.android.navigation.v5.navigation.NavigationConstants.ROUNDING_INCREMENT_FIFTY, com.mapbox.services.android.navigation.v5.navigation.NavigationConstants.ROUNDING_INCREMENT_ONE_HUNDRED}" />
    </annotation>
  </item>
  <item name="com.mapbox.services.android.navigation.v5.navigation.MapboxNavigationOptions.Builder com.mapbox.services.android.navigation.v5.navigation.MapboxNavigationOptions.Builder timeFormatType(int) 0">
    <annotation name="androidx.annotation.IntDef">
      <val name="value" val="{com.mapbox.services.android.navigation.v5.navigation.NavigationTimeFormat.NONE_SPECIFIED, com.mapbox.services.android.navigation.v5.navigation.NavigationTimeFormat.TWELVE_HOURS, com.mapbox.services.android.navigation.v5.navigation.NavigationTimeFormat.TWENTY_FOUR_HOURS}" />
    </annotation>
  </item>
  <item name="com.mapbox.services.android.navigation.v5.navigation.NavigationConstants.ManeuverModifier">
    <annotation name="androidx.annotation.StringDef">
      <val name="value" val="{com.mapbox.services.android.navigation.v5.navigation.NavigationConstants.STEP_MANEUVER_MODIFIER_UTURN, com.mapbox.services.android.navigation.v5.navigation.NavigationConstants.STEP_MANEUVER_MODIFIER_SHARP_RIGHT, com.mapbox.services.android.navigation.v5.navigation.NavigationConstants.STEP_MANEUVER_MODIFIER_RIGHT, com.mapbox.services.android.navigation.v5.navigation.NavigationConstants.STEP_MANEUVER_MODIFIER_SLIGHT_RIGHT, com.mapbox.services.android.navigation.v5.navigation.NavigationConstants.STEP_MANEUVER_MODIFIER_STRAIGHT, com.mapbox.services.android.navigation.v5.navigation.NavigationConstants.STEP_MANEUVER_MODIFIER_SLIGHT_LEFT, com.mapbox.services.android.navigation.v5.navigation.NavigationConstants.STEP_MANEUVER_MODIFIER_LEFT, com.mapbox.services.android.navigation.v5.navigation.NavigationConstants.STEP_MANEUVER_MODIFIER_SHARP_LEFT}" />
    </annotation>
  </item>
  <item name="com.mapbox.services.android.navigation.v5.navigation.NavigationConstants.ManeuverType">
    <annotation name="androidx.annotation.StringDef">
      <val name="value" val="{com.mapbox.services.android.navigation.v5.navigation.NavigationConstants.STEP_MANEUVER_TYPE_TURN, com.mapbox.services.android.navigation.v5.navigation.NavigationConstants.STEP_MANEUVER_TYPE_NEW_NAME, com.mapbox.services.android.navigation.v5.navigation.NavigationConstants.STEP_MANEUVER_TYPE_DEPART, com.mapbox.services.android.navigation.v5.navigation.NavigationConstants.STEP_MANEUVER_TYPE_ARRIVE, com.mapbox.services.android.navigation.v5.navigation.NavigationConstants.STEP_MANEUVER_TYPE_MERGE, com.mapbox.services.android.navigation.v5.navigation.NavigationConstants.STEP_MANEUVER_TYPE_ON_RAMP, com.mapbox.services.android.navigation.v5.navigation.NavigationConstants.STEP_MANEUVER_TYPE_OFF_RAMP, com.mapbox.services.android.navigation.v5.navigation.NavigationConstants.STEP_MANEUVER_TYPE_FORK, com.mapbox.services.android.navigation.v5.navigation.NavigationConstants.STEP_MANEUVER_TYPE_END_OF_ROAD, com.mapbox.services.android.navigation.v5.navigation.NavigationConstants.STEP_MANEUVER_TYPE_CONTINUE, com.mapbox.services.android.navigation.v5.navigation.NavigationConstants.STEP_MANEUVER_TYPE_ROUNDABOUT, com.mapbox.services.android.navigation.v5.navigation.NavigationConstants.STEP_MANEUVER_TYPE_ROTARY, com.mapbox.services.android.navigation.v5.navigation.NavigationConstants.STEP_MANEUVER_TYPE_ROUNDABOUT_TURN, com.mapbox.services.android.navigation.v5.navigation.NavigationConstants.STEP_MANEUVER_TYPE_NOTIFICATION}" />
    </annotation>
  </item>
  <item name="com.mapbox.services.android.navigation.v5.navigation.NavigationConstants.RoundingIncrement">
    <annotation name="androidx.annotation.IntDef">
      <val name="value" val="{com.mapbox.services.android.navigation.v5.navigation.NavigationConstants.ROUNDING_INCREMENT_FIVE, com.mapbox.services.android.navigation.v5.navigation.NavigationConstants.ROUNDING_INCREMENT_TEN, com.mapbox.services.android.navigation.v5.navigation.NavigationConstants.ROUNDING_INCREMENT_TWENTY_FIVE, com.mapbox.services.android.navigation.v5.navigation.NavigationConstants.ROUNDING_INCREMENT_FIFTY, com.mapbox.services.android.navigation.v5.navigation.NavigationConstants.ROUNDING_INCREMENT_ONE_HUNDRED}" />
    </annotation>
  </item>
  <item name="com.mapbox.services.android.navigation.v5.navigation.NavigationTelemetry com.mapbox.services.android.navigation.v5.navigation.metrics.FeedbackEvent queueFeedbackEvent(java.lang.String, java.lang.String, java.lang.String) 0">
    <annotation name="androidx.annotation.StringDef">
      <val name="value" val="{com.mapbox.services.android.navigation.v5.navigation.metrics.FeedbackEvent.FEEDBACK_TYPE_GENERAL_ISSUE, com.mapbox.services.android.navigation.v5.navigation.metrics.FeedbackEvent.FEEDBACK_TYPE_OTHER_MAP_ISSUE, com.mapbox.services.android.navigation.v5.navigation.metrics.FeedbackEvent.FEEDBACK_TYPE_ACCIDENT, com.mapbox.services.android.navigation.v5.navigation.metrics.FeedbackEvent.FEEDBACK_TYPE_HAZARD, com.mapbox.services.android.navigation.v5.navigation.metrics.FeedbackEvent.FEEDBACK_TYPE_ROAD_CLOSED, com.mapbox.services.android.navigation.v5.navigation.metrics.FeedbackEvent.FEEDBACK_TYPE_NOT_ALLOWED, com.mapbox.services.android.navigation.v5.navigation.metrics.FeedbackEvent.FEEDBACK_TYPE_ROUTING_ERROR, com.mapbox.services.android.navigation.v5.navigation.metrics.FeedbackEvent.FEEDBACK_TYPE_CONFUSING_INSTRUCTION, com.mapbox.services.android.navigation.v5.navigation.metrics.FeedbackEvent.FEEDBACK_TYPE_INACCURATE_GPS, com.mapbox.services.android.navigation.v5.navigation.metrics.FeedbackEvent.FEEDBACK_TYPE_REPORT_TRAFFIC, com.mapbox.services.android.navigation.v5.navigation.metrics.FeedbackEvent.FEEDBACK_TYPE_MISSING_ROAD, com.mapbox.services.android.navigation.v5.navigation.metrics.FeedbackEvent.FEEDBACK_TYPE_MISSING_EXIT}" />
    </annotation>
  </item>
  <item name="com.mapbox.services.android.navigation.v5.navigation.NavigationTelemetry com.mapbox.services.android.navigation.v5.navigation.metrics.FeedbackEvent queueFeedbackEvent(java.lang.String, java.lang.String, java.lang.String) 2">
    <annotation name="androidx.annotation.StringDef">
      <val name="value" val="{com.mapbox.services.android.navigation.v5.navigation.metrics.FeedbackEvent.FEEDBACK_SOURCE_REROUTE, com.mapbox.services.android.navigation.v5.navigation.metrics.FeedbackEvent.FEEDBACK_SOURCE_UI}" />
    </annotation>
  </item>
  <item name="com.mapbox.services.android.navigation.v5.navigation.NavigationTelemetry java.lang.String recordFeedbackEvent(java.lang.String, java.lang.String, java.lang.String) 0">
    <annotation name="androidx.annotation.StringDef">
      <val name="value" val="{com.mapbox.services.android.navigation.v5.navigation.metrics.FeedbackEvent.FEEDBACK_TYPE_GENERAL_ISSUE, com.mapbox.services.android.navigation.v5.navigation.metrics.FeedbackEvent.FEEDBACK_TYPE_OTHER_MAP_ISSUE, com.mapbox.services.android.navigation.v5.navigation.metrics.FeedbackEvent.FEEDBACK_TYPE_ACCIDENT, com.mapbox.services.android.navigation.v5.navigation.metrics.FeedbackEvent.FEEDBACK_TYPE_HAZARD, com.mapbox.services.android.navigation.v5.navigation.metrics.FeedbackEvent.FEEDBACK_TYPE_ROAD_CLOSED, com.mapbox.services.android.navigation.v5.navigation.metrics.FeedbackEvent.FEEDBACK_TYPE_NOT_ALLOWED, com.mapbox.services.android.navigation.v5.navigation.metrics.FeedbackEvent.FEEDBACK_TYPE_ROUTING_ERROR, com.mapbox.services.android.navigation.v5.navigation.metrics.FeedbackEvent.FEEDBACK_TYPE_CONFUSING_INSTRUCTION, com.mapbox.services.android.navigation.v5.navigation.metrics.FeedbackEvent.FEEDBACK_TYPE_INACCURATE_GPS, com.mapbox.services.android.navigation.v5.navigation.metrics.FeedbackEvent.FEEDBACK_TYPE_REPORT_TRAFFIC, com.mapbox.services.android.navigation.v5.navigation.metrics.FeedbackEvent.FEEDBACK_TYPE_MISSING_ROAD, com.mapbox.services.android.navigation.v5.navigation.metrics.FeedbackEvent.FEEDBACK_TYPE_MISSING_EXIT}" />
    </annotation>
  </item>
  <item name="com.mapbox.services.android.navigation.v5.navigation.NavigationTelemetry java.lang.String recordFeedbackEvent(java.lang.String, java.lang.String, java.lang.String) 2">
    <annotation name="androidx.annotation.StringDef">
      <val name="value" val="{com.mapbox.services.android.navigation.v5.navigation.metrics.FeedbackEvent.FEEDBACK_SOURCE_REROUTE, com.mapbox.services.android.navigation.v5.navigation.metrics.FeedbackEvent.FEEDBACK_SOURCE_UI}" />
    </annotation>
  </item>
  <item name="com.mapbox.services.android.navigation.v5.navigation.NavigationTelemetry void updateFeedbackEvent(java.lang.String, java.lang.String, java.lang.String, java.lang.String) 1">
    <annotation name="androidx.annotation.StringDef">
      <val name="value" val="{com.mapbox.services.android.navigation.v5.navigation.metrics.FeedbackEvent.FEEDBACK_TYPE_GENERAL_ISSUE, com.mapbox.services.android.navigation.v5.navigation.metrics.FeedbackEvent.FEEDBACK_TYPE_OTHER_MAP_ISSUE, com.mapbox.services.android.navigation.v5.navigation.metrics.FeedbackEvent.FEEDBACK_TYPE_ACCIDENT, com.mapbox.services.android.navigation.v5.navigation.metrics.FeedbackEvent.FEEDBACK_TYPE_HAZARD, com.mapbox.services.android.navigation.v5.navigation.metrics.FeedbackEvent.FEEDBACK_TYPE_ROAD_CLOSED, com.mapbox.services.android.navigation.v5.navigation.metrics.FeedbackEvent.FEEDBACK_TYPE_NOT_ALLOWED, com.mapbox.services.android.navigation.v5.navigation.metrics.FeedbackEvent.FEEDBACK_TYPE_ROUTING_ERROR, com.mapbox.services.android.navigation.v5.navigation.metrics.FeedbackEvent.FEEDBACK_TYPE_CONFUSING_INSTRUCTION, com.mapbox.services.android.navigation.v5.navigation.metrics.FeedbackEvent.FEEDBACK_TYPE_INACCURATE_GPS, com.mapbox.services.android.navigation.v5.navigation.metrics.FeedbackEvent.FEEDBACK_TYPE_REPORT_TRAFFIC, com.mapbox.services.android.navigation.v5.navigation.metrics.FeedbackEvent.FEEDBACK_TYPE_MISSING_ROAD, com.mapbox.services.android.navigation.v5.navigation.metrics.FeedbackEvent.FEEDBACK_TYPE_MISSING_EXIT}" />
    </annotation>
  </item>
  <item name="com.mapbox.services.android.navigation.v5.navigation.NavigationTimeFormat.Type">
    <annotation name="androidx.annotation.IntDef">
      <val name="value" val="{com.mapbox.services.android.navigation.v5.navigation.NavigationTimeFormat.NONE_SPECIFIED, com.mapbox.services.android.navigation.v5.navigation.NavigationTimeFormat.TWELVE_HOURS, com.mapbox.services.android.navigation.v5.navigation.NavigationTimeFormat.TWENTY_FOUR_HOURS}" />
    </annotation>
  </item>
</root>

