<?xml version="1.0" encoding="UTF-8"?>
<root>
  <item name="com.mapbox.services.android.navigation.v5.utils.DistanceFormatter DistanceFormatter(android.content.Context, java.lang.String, java.lang.String, int) 3">
    <annotation name="androidx.annotation.IntDef">
      <val name="value" val="{com.mapbox.services.android.navigation.v5.navigation.NavigationConstants.ROUNDING_INCREMENT_FIVE, com.mapbox.services.android.navigation.v5.navigation.NavigationConstants.ROUNDING_INCREMENT_TEN, com.mapbox.services.android.navigation.v5.navigation.NavigationConstants.ROUNDING_INCREMENT_TWENTY_FIVE, com.mapbox.services.android.navigation.v5.navigation.NavigationConstants.ROUNDING_INCREMENT_FIFTY, com.mapbox.services.android.navigation.v5.navigation.NavigationConstants.ROUNDING_INCREMENT_ONE_HUNDRED}" />
    </annotation>
  </item>
  <item name="com.mapbox.services.android.navigation.v5.utils.DistanceFormatter roundingIncrement">
    <annotation name="androidx.annotation.IntDef">
      <val name="value" val="{com.mapbox.services.android.navigation.v5.navigation.NavigationConstants.ROUNDING_INCREMENT_FIVE, com.mapbox.services.android.navigation.v5.navigation.NavigationConstants.ROUNDING_INCREMENT_TEN, com.mapbox.services.android.navigation.v5.navigation.NavigationConstants.ROUNDING_INCREMENT_TWENTY_FIVE, com.mapbox.services.android.navigation.v5.navigation.NavigationConstants.ROUNDING_INCREMENT_FIFTY, com.mapbox.services.android.navigation.v5.navigation.NavigationConstants.ROUNDING_INCREMENT_ONE_HUNDRED}" />
    </annotation>
  </item>
</root>

